File Size,kdownload (s),wget (s),curl (s),aria2c (s)
10,1.287108100,2.787185683,2.870987825,2.743249821
100,1.359290357,26.827973245,25.536917363,29.610185120
